[{"model": "admin.logentry", "pk": 1, "fields": {"action_time": "2022-07-11T20:16:44.101Z", "user": 1, "content_type": 7, "object_id": "1", "object_repr": "Topic(name = Web Development, category = Development)", "action_flag": 1, "change_message": "[{\"added\": {}}]"}}, {"model": "admin.logentry", "pk": 2, "fields": {"action_time": "2022-07-11T20:17:01.537Z", "user": 1, "content_type": 7, "object_id": "2", "object_repr": "Topic(name = Management, category = Business)", "action_flag": 1, "change_message": "[{\"added\": {}}]"}}, {"model": "admin.logentry", "pk": 3, "fields": {"action_time": "2022-07-11T20:17:28.278Z", "user": 1, "content_type": 7, "object_id": "3", "object_repr": "Topic(name = Economics, category = Finance & Accounting)", "action_flag": 1, "change_message": "[{\"added\": {}}]"}}, {"model": "admin.logentry", "pk": 4, "fields": {"action_time": "2022-07-11T20:17:50.296Z", "user": 1, "content_type": 7, "object_id": "4", "object_repr": "Topic(name = IT Certification, category = IT & Software)", "action_flag": 1, "change_message": "[{\"added\": {}}]"}}, {"model": "admin.logentry", "pk": 5, "fields": {"action_time": "2022-07-11T20:18:12.270Z", "user": 1, "content_type": 7, "object_id": "5", "object_repr": "Topic(name = Sports, category = Health & Fitness)", "action_flag": 1, "change_message": "[{\"added\": {}}]"}}, {"model": "admin.logentry", "pk": 6, "fields": {"action_time": "2022-07-11T20:19:12.716Z", "user": 1, "content_type": 8, "object_id": "1", "object_repr": "Student(name = John Smith, city= WS), school = 123 University Avenue", "action_flag": 1, "change_message": "[{\"added\": {}}]"}}, {"model": "admin.logentry", "pk": 7, "fields": {"action_time": "2022-07-11T20:19:58.827Z", "user": 1, "content_type": 8, "object_id": "2", "object_repr": "Student(name = Mary Jones, city= VC), school = 235 Sunset Avenue", "action_flag": 1, "change_message": "[{\"added\": {}}]"}}, {"model": "admin.logentry", "pk": 8, "fields": {"action_time": "2022-07-11T20:20:28.943Z", "user": 1, "content_type": 8, "object_id": "3", "object_repr": "Student(name = Alan George, city= CG), school = 306 Prince Street", "action_flag": 1, "change_message": "[{\"added\": {}}]"}}, {"model": "admin.logentry", "pk": 9, "fields": {"action_time": "2022-07-11T20:20:55.558Z", "user": 1, "content_type": 8, "object_id": "4", "object_repr": "Student(name = Josh Jones, city= MR), school = 442 Sunset Avenue", "action_flag": 1, "change_message": "[{\"added\": {}}]"}}, {"model": "admin.logentry", "pk": 10, "fields": {"action_time": "2022-07-11T20:21:18.867Z", "user": 1, "content_type": 8, "object_id": "5", "object_repr": "Student(name = Chris Bill, city= WS), school = 987 King Street", "action_flag": 1, "change_message": "[{\"added\": {}}]"}}, {"model": "admin.logentry", "pk": 11, "fields": {"action_time": "2022-07-11T20:21:58.512Z", "user": 1, "content_type": 10, "object_id": "1", "object_repr": "Course (name= CCNA, price = 199.99, for_everyone = Truedescription=)", "action_flag": 1, "change_message": "[{\"added\": {}}]"}}, {"model": "admin.logentry", "pk": 12, "fields": {"action_time": "2022-07-11T20:22:15.772Z", "user": 1, "content_type": 10, "object_id": "2", "object_repr": "Course (name= AWS, price = 119.99, for_everyone = Truedescription=)", "action_flag": 1, "change_message": "[{\"added\": {}}]"}}, {"model": "admin.logentry", "pk": 13, "fields": {"action_time": "2022-07-11T20:22:32.969Z", "user": 1, "content_type": 10, "object_id": "3", "object_repr": "Course (name= CompTIA Security, price = 139.99, for_everyone = Truedescription=)", "action_flag": 1, "change_message": "[{\"added\": {}}]"}}, {"model": "admin.logentry", "pk": 14, "fields": {"action_time": "2022-07-11T20:22:52.720Z", "user": 1, "content_type": 10, "object_id": "4", "object_repr": "Course (name= Oracle SQL, price = 159.99, for_everyone = Truedescription=)", "action_flag": 1, "change_message": "[{\"added\": {}}]"}}, {"model": "admin.logentry", "pk": 15, "fields": {"action_time": "2022-07-11T20:23:13.810Z", "user": 1, "content_type": 10, "object_id": "5", "object_repr": "Course (name= Microeconomics, price = 199.99, for_everyone = Truedescription=)", "action_flag": 1, "change_message": "[{\"added\": {}}]"}}, {"model": "admin.logentry", "pk": 16, "fields": {"action_time": "2022-07-11T20:23:31.407Z", "user": 1, "content_type": 10, "object_id": "6", "object_repr": "Course (name= Introduction to Economics, price = 174.99, for_everyone = Truedescription=)", "action_flag": 1, "change_message": "[{\"added\": {}}]"}}, {"model": "admin.logentry", "pk": 17, "fields": {"action_time": "2022-07-11T20:23:49.437Z", "user": 1, "content_type": 10, "object_id": "7", "object_repr": "Course (name= omics Economics 174.99 7. G, price = 149.99, for_everyone = Truedescription=)", "action_flag": 1, "change_message": "[{\"added\": {}}]"}}, {"model": "admin.logentry", "pk": 18, "fields": {"action_time": "2022-07-11T20:24:10.041Z", "user": 1, "content_type": 10, "object_id": "8", "object_repr": "Course (name= Web Development Bootcamp, price = 199.99, for_everyone = Truedescription=)", "action_flag": 1, "change_message": "[{\"added\": {}}]"}}, {"model": "admin.logentry", "pk": 19, "fields": {"action_time": "2022-07-11T20:24:34.890Z", "user": 1, "content_type": 10, "object_id": "9", "object_repr": "Course (name= Web Design, price = 159.99, for_everyone = Truedescription=)", "action_flag": 1, "change_message": "[{\"added\": {}}]"}}, {"model": "admin.logentry", "pk": 20, "fields": {"action_time": "2022-07-11T20:24:56.762Z", "user": 1, "content_type": 10, "object_id": "10", "object_repr": "Course (name= Web Development Mastercalss, price = 124.99, for_everyone = Truedescription=)", "action_flag": 1, "change_message": "[{\"added\": {}}]"}}, {"model": "admin.logentry", "pk": 21, "fields": {"action_time": "2022-07-11T20:25:13.913Z", "user": 1, "content_type": 10, "object_id": "11", "object_repr": "Course (name= Build Responsive Websites, price = 149.99, for_everyone = Truedescription=)", "action_flag": 1, "change_message": "[{\"added\": {}}]"}}, {"model": "admin.logentry", "pk": 22, "fields": {"action_time": "2022-07-11T20:25:35.624Z", "user": 1, "content_type": 10, "object_id": "12", "object_repr": "Course (name= Innovation for Business, price = 174.99, for_everyone = Truedescription=)", "action_flag": 1, "change_message": "[{\"added\": {}}]"}}, {"model": "admin.logentry", "pk": 23, "fields": {"action_time": "2022-07-11T20:25:54.973Z", "user": 1, "content_type": 10, "object_id": "13", "object_repr": "Course (name= Leadership Skills, price = 184.99, for_everyone = Truedescription=)", "action_flag": 1, "change_message": "[{\"added\": {}}]"}}, {"model": "admin.logentry", "pk": 24, "fields": {"action_time": "2022-07-11T20:26:12.512Z", "user": 1, "content_type": 10, "object_id": "14", "object_repr": "Course (name= Project Management, price = 149.99, for_everyone = Truedescription=)", "action_flag": 1, "change_message": "[{\"added\": {}}]"}}, {"model": "admin.logentry", "pk": 25, "fields": {"action_time": "2022-07-11T20:27:11.330Z", "user": 1, "content_type": 9, "object_id": "1", "object_repr": "Order(levels = 1, order_date = 2022-07-11 20:27:11.328444+00:00, order_status = 0)", "action_flag": 1, "change_message": "[{\"added\": {}}]"}}, {"model": "admin.logentry", "pk": 26, "fields": {"action_time": "2022-07-11T20:27:20.369Z", "user": 1, "content_type": 9, "object_id": "2", "object_repr": "Order(levels = 1, order_date = 2022-07-11 20:27:20.367895+00:00, order_status = 0)", "action_flag": 1, "change_message": "[{\"added\": {}}]"}}, {"model": "admin.logentry", "pk": 27, "fields": {"action_time": "2022-07-11T20:27:50.110Z", "user": 1, "content_type": 9, "object_id": "3", "object_repr": "Order(levels = 1, order_date = 2022-07-11 20:27:50.108462+00:00, order_status = 0)", "action_flag": 1, "change_message": "[{\"added\": {}}]"}}, {"model": "admin.logentry", "pk": 28, "fields": {"action_time": "2022-07-14T16:30:57.775Z", "user": 1, "content_type": 10, "object_id": "14", "object_repr": "Course (name= Project Management, price = 149.99, for_everyone = Falsedescription=)", "action_flag": 2, "change_message": "[{\"changed\": {\"fields\": [\"For everyone\"]}}]"}}, {"model": "admin.logentry", "pk": 29, "fields": {"action_time": "2022-07-21T07:47:28.152Z", "user": 1, "content_type": 4, "object_id": "2", "object_repr": "Chris", "action_flag": 1, "change_message": "[{\"added\": {}}]"}}, {"model": "admin.logentry", "pk": 30, "fields": {"action_time": "2022-07-21T08:02:08.102Z", "user": 1, "content_type": 4, "object_id": "2", "object_repr": "Chris", "action_flag": 2, "change_message": "[{\"changed\": {\"fields\": [\"First name\", \"Last name\"]}}]"}}, {"model": "admin.logentry", "pk": 31, "fields": {"action_time": "2022-07-21T08:07:54.337Z", "user": 1, "content_type": 8, "object_id": "5", "object_repr": "Student(name = Chris Bill, city= WS), school = 987 King Street", "action_flag": 2, "change_message": "[]"}}, {"model": "admin.logentry", "pk": 34, "fields": {"action_time": "2022-07-31T17:47:38.879Z", "user": 4, "content_type": 4, "object_id": "5", "object_repr": "user1", "action_flag": 1, "change_message": "[{\"added\": {}}]"}}, {"model": "admin.logentry", "pk": 35, "fields": {"action_time": "2022-07-31T17:55:18.611Z", "user": 4, "content_type": 4, "object_id": "3", "object_repr": "nishant", "action_flag": 3, "change_message": ""}}, {"model": "admin.logentry", "pk": 36, "fields": {"action_time": "2022-07-31T17:55:38.510Z", "user": 4, "content_type": 4, "object_id": "6", "object_repr": "nishant", "action_flag": 1, "change_message": "[{\"added\": {}}]"}}, {"model": "admin.logentry", "pk": 37, "fields": {"action_time": "2022-07-31T17:55:59.846Z", "user": 4, "content_type": 4, "object_id": "6", "object_repr": "nishant", "action_flag": 2, "change_message": "[{\"changed\": {\"fields\": [\"Groups\"]}}]"}}, {"model": "admin.logentry", "pk": 38, "fields": {"action_time": "2022-07-31T17:57:38.920Z", "user": 4, "content_type": 4, "object_id": "6", "object_repr": "nishant", "action_flag": 2, "change_message": "[{\"changed\": {\"fields\": [\"password\"]}}]"}}, {"model": "admin.logentry", "pk": 39, "fields": {"action_time": "2022-07-31T17:58:14.160Z", "user": 4, "content_type": 4, "object_id": "6", "object_repr": "nishant", "action_flag": 3, "change_message": ""}}, {"model": "admin.logentry", "pk": 40, "fields": {"action_time": "2022-07-31T17:58:44.731Z", "user": 4, "content_type": 4, "object_id": "7", "object_repr": "student", "action_flag": 1, "change_message": "[{\"added\": {}}]"}}, {"model": "admin.logentry", "pk": 41, "fields": {"action_time": "2022-07-31T17:59:05.337Z", "user": 4, "content_type": 4, "object_id": "7", "object_repr": "student", "action_flag": 2, "change_message": "[{\"changed\": {\"fields\": [\"Groups\"]}}]"}}, {"model": "admin.logentry", "pk": 42, "fields": {"action_time": "2022-07-31T21:54:56.615Z", "user": 4, "content_type": 4, "object_id": "8", "object_repr": "test", "action_flag": 3, "change_message": ""}}, {"model": "admin.logentry", "pk": 43, "fields": {"action_time": "2022-07-31T22:00:45.181Z", "user": 4, "content_type": 4, "object_id": "9", "object_repr": "test", "action_flag": 3, "change_message": ""}}, {"model": "admin.logentry", "pk": 44, "fields": {"action_time": "2022-07-31T22:05:18.994Z", "user": 4, "content_type": 4, "object_id": "10", "object_repr": "test", "action_flag": 3, "change_message": ""}}, {"model": "admin.logentry", "pk": 45, "fields": {"action_time": "2022-07-31T22:58:00.924Z", "user": 4, "content_type": 4, "object_id": "2", "object_repr": "Chris", "action_flag": 2, "change_message": "[{\"changed\": {\"fields\": [\"password\"]}}]"}}, {"model": "admin.logentry", "pk": 46, "fields": {"action_time": "2022-07-31T22:59:26.814Z", "user": 4, "content_type": 4, "object_id": "2", "object_repr": "Chris", "action_flag": 2, "change_message": "[{\"changed\": {\"fields\": [\"Groups\"]}}]"}}, {"model": "admin.logentry", "pk": 47, "fields": {"action_time": "2022-07-31T23:01:25.841Z", "user": 4, "content_type": 3, "object_id": "1", "object_repr": "Student", "action_flag": 2, "change_message": "[{\"changed\": {\"fields\": [\"Permissions\"]}}]"}}, {"model": "admin.logentry", "pk": 48, "fields": {"action_time": "2022-08-01T08:11:07.172Z", "user": 4, "content_type": 8, "object_id": "6", "object_repr": "Student(name = Test Image, city= WS), school = None", "action_flag": 1, "change_message": "[{\"added\": {}}]"}}, {"model": "admin.logentry", "pk": 49, "fields": {"action_time": "2022-08-02T23:13:17.369Z", "user": 4, "content_type": 4, "object_id": "5", "object_repr": "user1", "action_flag": 2, "change_message": "[{\"changed\": {\"fields\": [\"Email address\"]}}]"}}, {"model": "auth.permission", "pk": 1, "fields": {"name": "Can add log entry", "content_type": 1, "codename": "add_logentry"}}, {"model": "auth.permission", "pk": 2, "fields": {"name": "Can change log entry", "content_type": 1, "codename": "change_logentry"}}, {"model": "auth.permission", "pk": 3, "fields": {"name": "Can delete log entry", "content_type": 1, "codename": "delete_logentry"}}, {"model": "auth.permission", "pk": 4, "fields": {"name": "Can view log entry", "content_type": 1, "codename": "view_logentry"}}, {"model": "auth.permission", "pk": 5, "fields": {"name": "Can add permission", "content_type": 2, "codename": "add_permission"}}, {"model": "auth.permission", "pk": 6, "fields": {"name": "Can change permission", "content_type": 2, "codename": "change_permission"}}, {"model": "auth.permission", "pk": 7, "fields": {"name": "Can delete permission", "content_type": 2, "codename": "delete_permission"}}, {"model": "auth.permission", "pk": 8, "fields": {"name": "Can view permission", "content_type": 2, "codename": "view_permission"}}, {"model": "auth.permission", "pk": 9, "fields": {"name": "Can add group", "content_type": 3, "codename": "add_group"}}, {"model": "auth.permission", "pk": 10, "fields": {"name": "Can change group", "content_type": 3, "codename": "change_group"}}, {"model": "auth.permission", "pk": 11, "fields": {"name": "Can delete group", "content_type": 3, "codename": "delete_group"}}, {"model": "auth.permission", "pk": 12, "fields": {"name": "Can view group", "content_type": 3, "codename": "view_group"}}, {"model": "auth.permission", "pk": 13, "fields": {"name": "Can add user", "content_type": 4, "codename": "add_user"}}, {"model": "auth.permission", "pk": 14, "fields": {"name": "Can change user", "content_type": 4, "codename": "change_user"}}, {"model": "auth.permission", "pk": 15, "fields": {"name": "Can delete user", "content_type": 4, "codename": "delete_user"}}, {"model": "auth.permission", "pk": 16, "fields": {"name": "Can view user", "content_type": 4, "codename": "view_user"}}, {"model": "auth.permission", "pk": 17, "fields": {"name": "Can add content type", "content_type": 5, "codename": "add_contenttype"}}, {"model": "auth.permission", "pk": 18, "fields": {"name": "Can change content type", "content_type": 5, "codename": "change_contenttype"}}, {"model": "auth.permission", "pk": 19, "fields": {"name": "Can delete content type", "content_type": 5, "codename": "delete_contenttype"}}, {"model": "auth.permission", "pk": 20, "fields": {"name": "Can view content type", "content_type": 5, "codename": "view_contenttype"}}, {"model": "auth.permission", "pk": 21, "fields": {"name": "Can add session", "content_type": 6, "codename": "add_session"}}, {"model": "auth.permission", "pk": 22, "fields": {"name": "Can change session", "content_type": 6, "codename": "change_session"}}, {"model": "auth.permission", "pk": 23, "fields": {"name": "Can delete session", "content_type": 6, "codename": "delete_session"}}, {"model": "auth.permission", "pk": 24, "fields": {"name": "Can view session", "content_type": 6, "codename": "view_session"}}, {"model": "auth.permission", "pk": 25, "fields": {"name": "Can add topic", "content_type": 7, "codename": "add_topic"}}, {"model": "auth.permission", "pk": 26, "fields": {"name": "Can change topic", "content_type": 7, "codename": "change_topic"}}, {"model": "auth.permission", "pk": 27, "fields": {"name": "Can delete topic", "content_type": 7, "codename": "delete_topic"}}, {"model": "auth.permission", "pk": 28, "fields": {"name": "Can view topic", "content_type": 7, "codename": "view_topic"}}, {"model": "auth.permission", "pk": 29, "fields": {"name": "Can add student", "content_type": 8, "codename": "add_student"}}, {"model": "auth.permission", "pk": 30, "fields": {"name": "Can change student", "content_type": 8, "codename": "change_student"}}, {"model": "auth.permission", "pk": 31, "fields": {"name": "Can delete student", "content_type": 8, "codename": "delete_student"}}, {"model": "auth.permission", "pk": 32, "fields": {"name": "Can view student", "content_type": 8, "codename": "view_student"}}, {"model": "auth.permission", "pk": 33, "fields": {"name": "Can add order", "content_type": 9, "codename": "add_order"}}, {"model": "auth.permission", "pk": 34, "fields": {"name": "Can change order", "content_type": 9, "codename": "change_order"}}, {"model": "auth.permission", "pk": 35, "fields": {"name": "Can delete order", "content_type": 9, "codename": "delete_order"}}, {"model": "auth.permission", "pk": 36, "fields": {"name": "Can view order", "content_type": 9, "codename": "view_order"}}, {"model": "auth.permission", "pk": 37, "fields": {"name": "Can add course", "content_type": 10, "codename": "add_course"}}, {"model": "auth.permission", "pk": 38, "fields": {"name": "Can change course", "content_type": 10, "codename": "change_course"}}, {"model": "auth.permission", "pk": 39, "fields": {"name": "Can delete course", "content_type": 10, "codename": "delete_course"}}, {"model": "auth.permission", "pk": 40, "fields": {"name": "Can view course", "content_type": 10, "codename": "view_course"}}, {"model": "auth.permission", "pk": 41, "fields": {"name": "Can see the my account page", "content_type": 8, "codename": "canSeeMyAccount"}}, {"model": "auth.permission", "pk": 42, "fields": {"name": "Can see the placed orders", "content_type": 8, "codename": "canSeeMyOrders"}}, {"model": "auth.permission", "pk": 43, "fields": {"name": "canSeeMyOrders", "content_type": 8, "codename": "Can see the placed orders"}}, {"model": "auth.group", "pk": 1, "fields": {"name": "Student", "permissions": [41, 42]}}, {"model": "auth.user", "pk": 1, "fields": {"password": "pbkdf2_sha256$320000$IzK9r3gqekpK1cph0s2Mdr$4GnSlaS/gw4ti7l7x8D0EXWfZDsBEiyI3g7ZQ8U1UXQ=", "last_login": "2022-07-25T07:40:31.824Z", "is_superuser": true, "username": "anvi", "first_name": "", "last_name": "", "email": "parikh9@uwindsor.ca", "is_staff": true, "is_active": true, "date_joined": "2022-07-11T20:13:23.508Z", "groups": [], "user_permissions": []}}, {"model": "auth.user", "pk": 2, "fields": {"password": "pbkdf2_sha256$320000$7ryQ76V4capROCzgcLjxdo$6bNgeajstDV+8SLTbQALZ+wVaMWVp8hY7bMGS+OVcCU=", "last_login": "2022-07-31T23:56:01.247Z", "is_superuser": false, "username": "Chris", "first_name": "Chris", "last_name": "Bill", "email": "", "is_staff": false, "is_active": true, "date_joined": "2022-07-21T07:47:28Z", "groups": [1], "user_permissions": []}}, {"model": "auth.user", "pk": 4, "fields": {"password": "pbkdf2_sha256$320000$58b4yPbUcVQXsiVzlES1fq$+S2MdEqlrhUjLSHmB1JBmqahp09DBFI+3x4B0ZIjoXo=", "last_login": "2022-08-02T23:13:52.227Z", "is_superuser": true, "username": "admin", "first_name": "", "last_name": "", "email": "admin@gmail.com", "is_staff": true, "is_active": true, "date_joined": "2022-07-31T17:46:09.091Z", "groups": [], "user_permissions": []}}, {"model": "auth.user", "pk": 5, "fields": {"password": "pbkdf2_sha256$320000$jRkbRa3atSuxoXLIoFj1z0$KHFp8VBpwhfZTP2mGCtYLuwXp4bWqUsxTeake2VbN6Y=", "last_login": "2022-07-31T18:01:36Z", "is_superuser": false, "username": "user1", "first_name": "", "last_name": "", "email": "user@gmail.com", "is_staff": false, "is_active": true, "date_joined": "2022-07-31T17:47:38Z", "groups": [], "user_permissions": []}}, {"model": "auth.user", "pk": 7, "fields": {"password": "pbkdf2_sha256$320000$amjJ6W3tX8V4kOQmieffle$suVCUMis0iYYAJB4CwYvM9O5KBhVnCaMuhojYUJdLec=", "last_login": "2022-07-31T18:12:17.954Z", "is_superuser": false, "username": "student", "first_name": "", "last_name": "", "email": "", "is_staff": false, "is_active": true, "date_joined": "2022-07-31T17:58:44Z", "groups": [1], "user_permissions": []}}, {"model": "auth.user", "pk": 11, "fields": {"password": "pbkdf2_sha256$320000$uN2yS1eUNhNsmqTbaWAL1Q$+I3nyld3QBVgOZkcNBReV3FQb2yiwl0tyxa3RiVR/8A=", "last_login": "2022-07-31T23:43:34.129Z", "is_superuser": false, "username": "test", "first_name": "", "last_name": "", "email": "nishantupadhyay1090@gmail.com", "is_staff": false, "is_active": true, "date_joined": "2022-07-31T22:05:33.970Z", "groups": [], "user_permissions": []}}, {"model": "auth.user", "pk": 12, "fields": {"password": "pbkdf2_sha256$320000$bPfICQt4sScbji9xqe7rKe$u1Y9rAxWefnvukz7aMt9NZ990cTvPTv3J3khyTiG4IQ=", "last_login": null, "is_superuser": false, "username": "test2", "first_name": "", "last_name": "", "email": "nishantupadhyay1090@gmail.com", "is_staff": false, "is_active": true, "date_joined": "2022-07-31T22:07:38.437Z", "groups": [], "user_permissions": []}}, {"model": "auth.user", "pk": 13, "fields": {"password": "pbkdf2_sha256$320000$8vq8Fawq8kCSEE9LdbMz38$HHzL+Ycdhzx2ItdY5Fkr0IyTiiqJe/xbNfejJztBMk0=", "last_login": "2022-07-31T22:08:27.242Z", "is_superuser": false, "username": "test3", "first_name": "", "last_name": "", "email": "nishantupadhyay1090@gmail.com", "is_staff": false, "is_active": true, "date_joined": "2022-07-31T22:08:23.802Z", "groups": [1], "user_permissions": []}}, {"model": "auth.user", "pk": 14, "fields": {"password": "pbkdf2_sha256$320000$ziB6PfZYLw5QN3fG7DSRvV$46cLEXC/Z5qh+DBrUTl9tnZYtG8g0SJ7tW2PSSwT+fM=", "last_login": "2022-07-31T23:04:11.243Z", "is_superuser": false, "username": "test4", "first_name": "TEST", "last_name": "TEST", "email": "upadhyan@uwindsor.ca", "is_staff": false, "is_active": true, "date_joined": "2022-07-31T22:13:56.760Z", "groups": [1], "user_permissions": []}}, {"model": "auth.user", "pk": 15, "fields": {"password": "pbkdf2_sha256$260000$2HO7FFtBE7ojNMjS2oqNEg$nZk4H/3CkJeeojJ+TVw0y4vxqtS5HXZOTay2FAC3reY=", "last_login": "2022-08-12T03:50:30.644Z", "is_superuser": true, "username": "trivedi", "first_name": "", "last_name": "", "email": "ohm.1998@gmail.com", "is_staff": true, "is_active": true, "date_joined": "2022-08-12T03:32:30.855Z", "groups": [], "user_permissions": []}}, {"model": "auth.user", "pk": 16, "fields": {"password": "pbkdf2_sha256$260000$CLjE6fQFWm4iULReH7AplH$3imybrSvqYb69VQjk/BhWBLM+FNOqMOlQT/YNv6qkWU=", "last_login": "2022-08-12T03:48:36.425Z", "is_superuser": false, "username": "ohm", "first_name": "ohm", "last_name": "trivedi", "email": "ohm.1998@gmail.com", "is_staff": false, "is_active": true, "date_joined": "2022-08-12T03:48:18.092Z", "groups": [1], "user_permissions": []}}, {"model": "auth.user", "pk": 17, "fields": {"password": "pbkdf2_sha256$260000$pSI3nY2IdzeDjBQwZhGOQj$Wk3QS5JdjsyXZWrsrBLi07fSmnOs3UfA74dF8Lk9JCc=", "last_login": null, "is_superuser": false, "username": "bagga", "first_name": "bagga", "last_name": "bagga", "email": "bagga@gmail.com", "is_staff": false, "is_active": true, "date_joined": "2022-08-12T03:53:07.819Z", "groups": [1], "user_permissions": []}}, {"model": "auth.user", "pk": 18, "fields": {"password": "pbkdf2_sha256$260000$xn8lEFqY7psefV5m2iub1u$9DjMX4HaGYTRG8cK8ybWG72HSPbuE/tAsQ1Dbop6d6o=", "last_login": "2022-08-12T04:03:22.989Z", "is_superuser": false, "username": "name", "first_name": "name", "last_name": "name", "email": "name@gmail.com", "is_staff": false, "is_active": true, "date_joined": "2022-08-12T03:55:46.202Z", "groups": [1], "user_permissions": []}}, {"model": "auth.user", "pk": 19, "fields": {"password": "pbkdf2_sha256$260000$PUaCmat4In2Qr0bHeR0k3b$34gW+/41TmM0B582Jaq1D3i7imz6x7bOxxJ3BdwuPTY=", "last_login": "2022-08-12T03:57:23.737Z", "is_superuser": false, "username": "name2", "first_name": "name", "last_name": "name", "email": "name@gmail.com", "is_staff": false, "is_active": true, "date_joined": "2022-08-12T03:57:17.100Z", "groups": [1], "user_permissions": []}}, {"model": "contenttypes.contenttype", "pk": 1, "fields": {"app_label": "admin", "model": "logentry"}}, {"model": "contenttypes.contenttype", "pk": 2, "fields": {"app_label": "auth", "model": "permission"}}, {"model": "contenttypes.contenttype", "pk": 3, "fields": {"app_label": "auth", "model": "group"}}, {"model": "contenttypes.contenttype", "pk": 4, "fields": {"app_label": "auth", "model": "user"}}, {"model": "contenttypes.contenttype", "pk": 5, "fields": {"app_label": "contenttypes", "model": "contenttype"}}, {"model": "contenttypes.contenttype", "pk": 6, "fields": {"app_label": "sessions", "model": "session"}}, {"model": "contenttypes.contenttype", "pk": 7, "fields": {"app_label": "myapp", "model": "topic"}}, {"model": "contenttypes.contenttype", "pk": 8, "fields": {"app_label": "myapp", "model": "student"}}, {"model": "contenttypes.contenttype", "pk": 9, "fields": {"app_label": "myapp", "model": "order"}}, {"model": "contenttypes.contenttype", "pk": 10, "fields": {"app_label": "myapp", "model": "course"}}, {"model": "sessions.session", "pk": "138jlna53kdv8rusu5996i1wywai06rw", "fields": {"session_data": "e30:1oIIVu:73KhGi0SwyKqmewyCaztdTICSycjZF52M0xjKrQ9ykM", "expire_date": "2022-08-14T23:38:26.988Z"}}, {"model": "sessions.session", "pk": "4ia9flh203p1j1g8j4up0xtl0fvgeles", "fields": {"session_data": ".eJxVjEEOwiAQRe_C2hBAYKhL9z0DmYFBqoYmpV0Z765NutDtf-_9l4i4rTVunZc4ZXERWpx-N8L04LaDfMd2m2Wa27pMJHdFHrTLcc78vB7u30HFXr81-ELoFDBnRrAhgVaDJQjWlBQUmWSAPAWnqThvrOOz1gWAtVGDcUW8P-gkN3g:1oFshb:PDAlqKsHiVm22PmAHBFOq3GrjxOV8pk1OiJQg7Rn1-M", "expire_date": "2022-08-08T07:40:31.826Z"}}, {"model": "sessions.session", "pk": "5d2626vsuyf0bagwz3pwtc4kfcg4v6oi", "fields": {"session_data": ".eJxVjMsOwiAQRf-FtSG8h7p07zeQgQGpGpqUdmX8dyXpQrfnnHtfLOC-1bD3vIaZ2JlJy06_MGJ65DYM3bHdFp6Wtq1z5CPhh-38ulB-Xo7276Bir9-1U0Io0L6QSAgKySgoKk8YbdLWgy4uUyHjkCS4KVujB0QjIDrpNXt_AP9SN7A:1oMLgs:S-OhkA184OW7Xwpigaj_WyCgysRXyUwla6Y6rBZBLSg", "expire_date": "2022-08-26T03:50:30.645Z"}}, {"model": "sessions.session", "pk": "7aolefpdqqnjhb20b2e7e9ojvug0flsw", "fields": {"session_data": ".eJxVjUEOgjAURK9Culby-4HSstO9Z2j62wJV0hoKicZ4dyFxodt5M29eTJt1GfWa_ayDYx3jkh1-QzL25uNO3NXEIZU2xWUOVO6V8ktzeUnOT-dv908wmjxuawmSnGk8NFY4kq7p0UrJG865EkgCe3LKW0HUQksVcFDWWAWuMqjavt6kk8mLntIQ4uaDuoOqQyyOxWkd1rwUHA8FAuJ-n33OIUXtH_cwP1lXCYD3B7fHSzw:1oMLtK:Y_m1fNKof8Ut2ecYANUTN2L2zbIkTbnYq2ka2nKB2jo", "expire_date": "2022-08-12T05:03:22.990Z"}}, {"model": "sessions.session", "pk": "b8mj9y8s9ugy1bumxwsa9vy5smlwdnki", "fields": {"session_data": "e30:1oIIVO:4TebOTljeAtQsQvQyQ92qj7sk8UTudgNJk0Zs6U4JUs", "expire_date": "2022-08-14T23:37:54.339Z"}}, {"model": "sessions.session", "pk": "jsxq7n9gvm3o5lm6a49kvhj970qs6y37", "fields": {"session_data": ".eJxVjssOgjAURH-FdK2kvS1IWbo08Rua2xdUSWsoJBLjvwuGhW7nzJzMiyicp17N2Y0qWNISIIffTKO5u7gBe8PYpdKkOI1Bl1ul3Gkur8m64bx3_wQ95n5dU6MFtxw0SkDKa1Ez6yVnwjtvG8s0eOk0iKZhWooaOVqg0iMzlXGN4at0wDypIXUhbr5Ty2VLeXEsLvOwFFAdCqDwfZ9dziFF5Z6PMC6kpe8PHlBJ_g:1oFsgB:nWJgpQrZHpaNgJlhZeCjMOAVwmM73TMFmNkMgSWV3Rs", "expire_date": "2022-08-08T07:39:03.876Z"}}, {"model": "sessions.session", "pk": "l0io9upaoy5bd3n0r7y23e21skb4wzqt", "fields": {"session_data": ".eJxVjEEOgyAQRe_CuiGIINBl957BDDNjtTaSAKaLpnevJm7c_vfe_4rKpWJKy8ziLj4pL0ziJgbY6jRshfMw0w7MdYuAC68HoBeszyQxrTXPUR6KPGmRfSJ-P073cjBBmfY6IBg9RjTaW2YTO6W8dUojNq7F0ATlgjPBaoijI0sdtuADeAfoqTVW_P5dlT86:1oJ15E:8BfN0MLx4vzJ5K0yXdFz7neVBdrcPht8aLW8K7-Q45c", "expire_date": "2022-08-16T23:13:52.231Z"}}, {"model": "sessions.session", "pk": "md60v7nv2qmlq60sfx5rdhuyicjmgn30", "fields": {"session_data": "e30:1oIIWv:8fUJR73tz7s9cVgLSElEmny8EjqLGaNLSU6DXpP2e0c", "expire_date": "2022-08-14T23:39:29.624Z"}}, {"model": "sessions.session", "pk": "nbp4q1wjk896wt643k68f7mk1giwnt3a", "fields": {"session_data": ".eJxVjMsOwiAUBX-FsFYCF6jQpUsTv4FcXm2VtElpF8b477ZJF7o9M2fe1OG69G6taXZDpC0FevrdPIZnGncQHzh2EwvTuMyDZ7vCDlrZfYqpXA_3L9Bj7bc3D17JKMGjBeSyUY2I2UqhcsrRROEh2-RBGSO8VQ1KjMBtRhF0SCbILVqwLq5M3TDuvUsrVas1OZPbWl4E9IkAB6CfL5zzQsM:1oFscB:Ug4GPlp8a-IQpvrgNyusf8BQ8w8i75073vdiueipujM", "expire_date": "2022-08-08T07:34:55.040Z"}}, {"model": "sessions.session", "pk": "nqazeebwt4l844j9hsdfvz2svr4hv2ar", "fields": {"session_data": "e30:1oIIYv:8OiF96OGpMY-cg5k11P_y1D2M1nccnagYyOLaEtppp0", "expire_date": "2022-08-14T23:41:33.966Z"}}, {"model": "sessions.session", "pk": "pr8j9p5y7ql4xugyrnnvk4ipzu7u6qa2", "fields": {"session_data": ".eJxVjssOgjAURH-FdK2kvS0NZenSxG9obl9SJa2hkEiM_y4YFrqdM3MyL6Jxnno9Fz_q6EhHgBx-M4P27tMG3A3TNdc2p2mMpt4q9U5LfcnOD6e9-yfosfTrmlojuONgUAFSLoVkLijORPDBtY4ZCMobEG3LjBISOTqgKiCzjfWt5at0wDLpIV9j2nyya1jHaHWszvOwVNAcKqDwfV98KTEn7Z-POC6k45LS9wf7G0qO:1oFrvq:lMfCFN1Fjx87OPh5Roc4SWrRyoHdgnkYn67h0uHHVO4", "expire_date": "2022-07-25T07:51:10.573Z"}}, {"model": "sessions.session", "pk": "rzk8qzrgozc6w1se73fll0rbqwdv5ai9", "fields": {"session_data": ".eJxVjstuwyAURH_FYu1YcCEWsMyyUr8BXV4xrQWVL64SVf33xlUW7XbOzNF8MYd7X9xOaXMlMsuAjX8zj-E91QPEN6zXNoVW-1b8dFSmJ6XptcW0Xp7df4IFaXmsefBKRgkeDSCXs5pFzEYKlVOOOgoP2SQPSmvhjZpRYgRuMopwDkkH-ZCuSN2t7Vrq4dMWpJXzcBpe9vU-gBgH4PD7nhJRadWl20fZ7sxKzkeGvu3dfRYqnZg9f_8A1ftQWA:1oERZw:PgHCqjKXXN14P__Rb6Cd18CV9Rb7ELB5eO9PlHZSmNQ", "expire_date": "2022-07-21T08:35:40.942Z"}}, {"model": "sessions.session", "pk": "znt3zjsof74aguhfiwtarnavs91ecukz", "fields": {"session_data": ".eJxVjssOgjAURH-FdK2kva3YsnRp4jc0ty-oktZQSCTGf1cMC93OmTmZJ9E4T72eix91dKQlQHa_mUF782kF7oqpy7XNaRqjqddKvdFSX7Lzw2nr_gl6LP1nTa0R3HEwqAApb0TDXFCcieCDk44ZCMobEFIyo0SDHB1QFZDZg_XS8o90wDLpIXcxrb5jy2UrjtW-Os_DUsFhVwGF7_viS4k5af-4x3EhLX29AR9iSgU:1oFsfv:EPeYpH3TDDDRRaTdfJizGXRHxg4zvmmDPbh-3_W4AIQ", "expire_date": "2022-08-08T07:38:47.476Z"}}, {"model": "myapp.topic", "pk": 1, "fields": {"name": "Web Development", "category": "Development"}}, {"model": "myapp.topic", "pk": 2, "fields": {"name": "Management", "category": "Business"}}, {"model": "myapp.topic", "pk": 3, "fields": {"name": "Economics", "category": "Finance & Accounting"}}, {"model": "myapp.topic", "pk": 4, "fields": {"name": "IT Certification", "category": "IT & Software"}}, {"model": "myapp.topic", "pk": 5, "fields": {"name": "Sports", "category": "Health & Fitness"}}, {"model": "myapp.course", "pk": 1, "fields": {"topic": 4, "name": "CCNA", "price": "145.79", "for_everyone": true, "description": "", "interested": 2, "stages": 3}}, {"model": "myapp.course", "pk": 2, "fields": {"topic": 4, "name": "AWS", "price": "119.99", "for_everyone": true, "description": "", "interested": 1, "stages": 3}}, {"model": "myapp.course", "pk": 3, "fields": {"topic": 4, "name": "CompTIA Security", "price": "139.99", "for_everyone": true, "description": "", "interested": 0, "stages": 3}}, {"model": "myapp.course", "pk": 4, "fields": {"topic": 4, "name": "Oracle SQL", "price": "159.99", "for_everyone": true, "description": "", "interested": 0, "stages": 3}}, {"model": "myapp.course", "pk": 5, "fields": {"topic": 3, "name": "Microeconomics", "price": "199.99", "for_everyone": true, "description": "", "interested": 0, "stages": 3}}, {"model": "myapp.course", "pk": 6, "fields": {"topic": 3, "name": "Introduction to Economics", "price": "174.99", "for_everyone": true, "description": "", "interested": 0, "stages": 3}}, {"model": "myapp.course", "pk": 7, "fields": {"topic": 3, "name": "omics Economics 174.99 7. G", "price": "149.99", "for_everyone": true, "description": "", "interested": 0, "stages": 3}}, {"model": "myapp.course", "pk": 8, "fields": {"topic": 1, "name": "Web Development Bootcamp", "price": "199.99", "for_everyone": true, "description": "", "interested": 22, "stages": 3}}, {"model": "myapp.course", "pk": 9, "fields": {"topic": 1, "name": "Web Design", "price": "143.99", "for_everyone": true, "description": "", "interested": 0, "stages": 3}}, {"model": "myapp.course", "pk": 10, "fields": {"topic": 1, "name": "Web Development Mastercalss", "price": "124.99", "for_everyone": true, "description": "", "interested": 0, "stages": 3}}, {"model": "myapp.course", "pk": 11, "fields": {"topic": 1, "name": "Build Responsive Websites", "price": "149.99", "for_everyone": true, "description": "", "interested": 0, "stages": 3}}, {"model": "myapp.course", "pk": 12, "fields": {"topic": 2, "name": "Innovation for Business", "price": "127.57", "for_everyone": true, "description": "", "interested": 0, "stages": 3}}, {"model": "myapp.course", "pk": 13, "fields": {"topic": 2, "name": "Leadership Skills", "price": "166.49", "for_everyone": true, "description": "", "interested": 0, "stages": 3}}, {"model": "myapp.course", "pk": 14, "fields": {"topic": 2, "name": "Project Management", "price": "149.99", "for_everyone": false, "description": "", "interested": 0, "stages": 3}}, {"model": "myapp.student", "pk": 1, "fields": {"Image": "", "student_name": "John Smith", "school": "123 University Avenue", "city": "WS", "interested_in": [1, 2, 3, 4]}}, {"model": "myapp.student", "pk": 2, "fields": {"Image": "", "student_name": "Mary Jones", "school": "235 Sunset Avenue", "city": "VC", "interested_in": [1, 3]}}, {"model": "myapp.student", "pk": 3, "fields": {"Image": "", "student_name": "Alan George", "school": "306 Prince Street", "city": "CG", "interested_in": [2, 3, 4]}}, {"model": "myapp.student", "pk": 4, "fields": {"Image": "", "student_name": "Josh Jones", "school": "442 Sunset Avenue", "city": "MR", "interested_in": [3, 4]}}, {"model": "myapp.student", "pk": 5, "fields": {"Image": "", "student_name": "Chris Bill", "school": "987 King Street", "city": "WS", "interested_in": [2]}}, {"model": "myapp.student", "pk": 6, "fields": {"Image": "", "student_name": "Test Image", "school": null, "city": "WS", "interested_in": [2]}}, {"model": "myapp.student", "pk": 7, "fields": {"Image": "", "student_name": "name name", "school": null, "city": "WS", "interested_in": []}}, {"model": "myapp.order", "pk": 1, "fields": {"course": 8, "Student": 2, "levels": 1, "order_date": "2022-07-11T20:27:11.328Z", "order_status": "0"}}, {"model": "myapp.order", "pk": 2, "fields": {"course": 1, "Student": 1, "levels": 1, "order_date": "2022-07-11T20:27:20.367Z", "order_status": "0"}}, {"model": "myapp.order", "pk": 3, "fields": {"course": 5, "Student": 5, "levels": 1, "order_date": "2022-07-11T20:27:50.108Z", "order_status": "0"}}, {"model": "myapp.order", "pk": 4, "fields": {"course": 12, "Student": 1, "levels": 1, "order_date": "2022-07-12T00:00:00Z", "order_status": "0"}}, {"model": "myapp.order", "pk": 5, "fields": {"course": 12, "Student": 1, "levels": 2, "order_date": "2022-06-12T00:00:00Z", "order_status": "0"}}, {"model": "myapp.order", "pk": 6, "fields": {"course": 12, "Student": 1, "levels": 2, "order_date": "2022-06-12T00:00:00Z", "order_status": "0"}}, {"model": "myapp.order", "pk": 7, "fields": {"course": 1, "Student": 1, "levels": 1, "order_date": "2022-06-12T00:00:00Z", "order_status": "0"}}, {"model": "myapp.order", "pk": 8, "fields": {"course": 1, "Student": 1, "levels": 1, "order_date": "2022-07-14T00:00:00Z", "order_status": "0"}}, {"model": "myapp.order", "pk": 9, "fields": {"course": 2, "Student": 2, "levels": 1, "order_date": "2022-07-14T00:00:00Z", "order_status": "0"}}, {"model": "myapp.order", "pk": 10, "fields": {"course": 9, "Student": 5, "levels": 1, "order_date": "2022-07-21T00:00:00Z", "order_status": "0"}}, {"model": "myapp.order", "pk": 11, "fields": {"course": 1, "Student": 2, "levels": 1, "order_date": "2022-07-12T00:00:00Z", "order_status": "0"}}, {"model": "myapp.order", "pk": 12, "fields": {"course": 2, "Student": 2, "levels": 1, "order_date": "2022-08-12T00:00:00Z", "order_status": "0"}}, {"model": "myapp.order", "pk": 13, "fields": {"course": 1, "Student": 7, "levels": 1, "order_date": "2022-08-12T00:00:00Z", "order_status": "0"}}]